#song,artist,tag#
10000 Reasons Bless the Lord,Matt Redman,Worship
Amazing Grace My Chains are Gone,Chris Tomlin,Worship
Everyday,Hillsong,Praise
Everlasting God,Chris Tomlin,Praise
Forever,Chris Tomlin,Praise
Goodness of God,Bethel Music,Worship
Great Things,Phil Wickham,Praise
Heart of Worship,Matt Redman,Worship
Here I Am to Worship,Hillsong Worship,Worship
Holy Forever,Chris Tomlin,Worship
Holy is the Lord,Chris Tomlin,Worship
Hosanna,Hillsong,Worship
House of the Lord,Phil Wickham,Praise
None But Jesus,Hillsong United,Worship
Now that Youre Near,Hillsong,Praise
Our God,Chris Tomlin,Praise
To the Ends of the Earth,Hillsong,Worship
Unfailing Love,Chris Tomlin,Worship
Who Am I,Casting Crowns,Worship
What a Beautiful Name,Hillsong,Worship
You are My King Amazing Love,Newsboys,Worship
